{
  "lang":"xx",
  "name":"pipeline",
  "version":"0.0.0",
  "spacy_version":">=3.8.9,<3.9.0",
  "description":"",
  "author":"",
  "email":"",
  "url":"",
  "license":"",
  "spacy_git_version":"305ffd5",
  "vectors":{
    "width":0,
    "vectors":0,
    "keys":0,
    "name":null,
    "mode":"default"
  },
  "labels":{
    "tok2vec":[

    ],
    "ner":[
      "AMENITY",
      "AREA",
      "BATHS",
      "BEDS",
      "CONDITION",
      "GARAGE",
      "LOCATION",
      "PRICE",
      "TRANSACTION",
      "TYPE"
    ]
  },
  "pipeline":[
    "tok2vec",
    "ner"
  ],
  "components":[
    "tok2vec",
    "ner"
  ],
  "disabled":[

  ],
  "performance":{
    "ents_f":0.990499391,
    "ents_p":0.9936461388,
    "ents_r":0.9873725109,
    "ents_per_type":{
      "AREA":{
        "p":0.9978947368,
        "r":0.9978947368,
        "f":0.9978947368
      },
      "TYPE":{
        "p":1.0,
        "r":1.0,
        "f":1.0
      },
      "TRANSACTION":{
        "p":0.9987593052,
        "r":0.9987593052,
        "f":0.9987593052
      },
      "LOCATION":{
        "p":0.8977272727,
        "r":0.8144329897,
        "f":0.8540540541
      },
      "BEDS":{
        "p":1.0,
        "r":1.0,
        "f":1.0
      },
      "PRICE":{
        "p":0.9807692308,
        "r":0.9622641509,
        "f":0.9714285714
      },
      "BATHS":{
        "p":1.0,
        "r":0.5,
        "f":0.6666666667
      },
      "CONDITION":{
        "p":0.9583333333,
        "r":0.92,
        "f":0.9387755102
      },
      "AMENITY":{
        "p":1.0,
        "r":1.0,
        "f":1.0
      },
      "GARAGE":{
        "p":0.0,
        "r":0.0,
        "f":0.0
      }
    },
    "tok2vec_loss":223.8827811507,
    "ner_loss":149.6535339355
  }
}